{
  "params": {
    "Vs_rms": 12.0,
    "f_red": 60.0,
    "Vd": 0.7,
    "R_carga": 10.0,
    "L_H": 1.5,
    "RL_Ohm": 40.0,
    "C_uF": 2200.0,
    "FR_obj": 0.05
  },
  "results": {
    "Vm": 16.970562748477143,
    "Vm_red": 15.570562748477142,
    "f_out": 120.0,
    "T_out": 0.008333333333333333,
    "Vo_dc": 9.91252811257066,
    "Io_dc": 0.991252811257066,
    "Vo_rms": 11.010050506338834,
    "Io_rms": 1.1010050506338833,
    "FF": 1.1107207345395915,
    "Vr_rms": 4.791972304764329,
    "FR": 0.48342584760867885,
    "ID_prom": 0.495626405628533,
    "ID_rms": 0.778528137423857,
    "VPR": 16.970562748477143,
    "P_diodo": 0.34693848393997306,
    "Po_dc": 9.825821358250366,
    "Po_ca": 12.122121215213202,
    "eta": 81.05694691387023,
    "fourier_freqs": [
      120.0,
      240.0,
      360.0,
      480.0,
      600.0
    ],
    "fourier_amps": [
      6.608352075047107,
      1.3216704150094214,
      0.5664301778611807,
      0.3146834321451003,
      0.20025309318324566
    ],
    "RT": 50.0,
    "Io_dc_RL": 0.19825056225141321,
    "V_carga_RL": 1.9825056225141322,
    "Z_RL_arms": [
      1132.0780584311226,
      2262.4992644252334,
      3393.288460097465,
      4524.169723396646,
      5655.087820673479
    ],
    "IL_arms": [
      0.0058373643282206315,
      0.0005841639092621669,
      0.00016692662133560883,
      6.955606252296896e-05,
      3.541113763983899e-05
    ],
    "aten_RL": [
      0.8833313149676608,
      0.4419890939739335,
      0.29469937842280497,
      0.22103503209186023,
      0.1768319134398354
    ],
    "Ir_rms_RL": 0.0041276399007412635,
    "FRi_RL": 2.08203187616021,
    "Vr_pp": 5.897940435029222,
    "Vo_dc_C": 12.62159253096253,
    "Vr_rms_C": 1.70258874891425,
    "Ir_rms_C": 0.170258874891425,
    "FR_C": 0.13489492270785655,
    "FRi": 13.489492270785655,
    "C_min_uF": 5227.918909913548
  }
}